Table 5. M2 tidal current parameters.,,,,,,,,,,,,,,,,,,,,,,,,,,
,Record ,Instr,Above,Fourier Coefficients,,,,,,,,Current Ellipse Parameters,,,,,,,,,,,,,,
Station,Length,Depth,Bottom,East,Error,PHASE,Error,North,Error,PHASE,Error,Umajor,Error,Uminor,Error,PHASE,Error,Orien,Error,Lat. (N),,Long.(W),,,,
,(Days),(M),(M),(CM/SEC),(CM/SEC),(DEG G),(DEG G),(CM/SEC),(CM/SEC),(DEG G),(DEG G),(CM/SEC),(CM/SEC),(CM/SEC),(CM/SEC),(DEG G),(DEG G),(DEG TRUE),(DEG TRUE),DEG,MIN,DEG,MIN,,,
,,,,,,,,,,,,,,,,,,,,,,,,,,
SS10,32,200,1400,1.3,0.0,178,0.0,1.6,0.0,68,0.0,1.7,0.0,1.1,0.0,48,0.0,331,0.0,43,34,59,4,,,
SS10,22,500,1100,3,0.0,65,0.0,2.5,0.0,320,0.0,3.2,0.0,2.3,0.0,266,0.0,297,0.0,43,34,59,4,,,
SS10,12,1500,100,0.3,0.0,329,0.0,2.6,0.0,194,0.0,2.6,0.0,0.2,0.0,194,0.0,355,0.0,43,34,59,4,,,
SS2A,35,555,245,4.2,0.0,192,0.0,4.7,0.0,126,0.0,5.3,0.0,3.4,0.0,152,0.0,37,0.0,42,52,62,0,,,
SS8,5,200,1350,5,0.0,147,0.0,3.7,0.0,73,0.0,5.2,0.0,3.4,0.0,133,0.0,69,0.0,42,37,62,5,,,
SS8,36,1500,50,2.8,0.0,66,0.0,2.5,0.0,287,0.0,3.5,0.0,1.3,0.0,264,0.0,311,0.0,42,37,62,5,,,
SS1,35,290,260,2.3,0.0,329,0.0,4.4,0.0,208,0.0,4.6,0.0,1.9,0.0,200,0.0,342,0.0,42,52,62,14,,,
SS1,35,490,60,2.9,0.0,164,0.0,3.5,0.0,344,0.0,4.5,0.0,0,0.0,344,0.0,320,0.0,42,52,62,14,,,
S53,238,20,79,12.8,0.8,63,8.0,16.8,1.4,301,7.0,18.7,1. 5,9.7,0.9,283,5.0,329,4.0,43,22,62,40,,,
S53,149,50,49.0,12.6,1.5,36,9.0,16.7,1.0,285,8.0,17.8,1.2,10.9,0.8,268,12.0,334,9,43,22,62,40,,,
S53,47,81,18.0,7.7,0.0,49.0,0.0,12.5,0.0,254.0,0.0,14.4,0.0,2.8,0.0,247,0.0,330.0,0.0,43,22,62,40,,,
S53,15,91,8,9.8,0.0,70,0.0,15.5,0.0,307,0.0,16.7,0.0,7.6,0.0,295.0,0.0,336,0.0,43,22,62,40,,,
S53,136,95,4,7.9,0.7,41.0,8,11.5,1 . 8,279.0,6,12.5,1.7,6.2,0.4,265.0,0.0,333,5.0,43,22,62,40,,,
SS7,27,50,75,9.4,0.0,56.0,0.0,13.9,0.0,284.0,0.0,15.6,0.0,6.2,0.0,271,0.0,331.0,0.0,43,2,62,54,,,
SS7,27,118,7.0,8.5,0.0,61.0,0.0,10.2,0.0,289.0,0.0,12.2,0.0,5.3,0.0,271,0.0,323.0,0.0,43,2,62,54,,,
SS2,189,20,258,5.8,3.4,151,7.0,2.3,3,231,96,5.8,3.4, 1. 4,3.6,258,95.0,283,93.0,43,45,62,59,,,
SS2,283,50,22.8,2.9,1.5,178,35.0,3.1,1.6,265,35.0,4.5,0.8,0.9,0.8,289,51.0,328,52,43,45,62,59,,,
SS2,166,95,183.0,1.8,0.8,92,56.0,3.8,1.5,278,16.0,4.2,1.2,0,1.3,284,29.0,334,19,43,45,62,59,,,
SS2,272,250,28,5.4,1.2,56.0,18,7.5,1.5,289.0,13,8.4,1.5,3.9,1.2,275.0,10,331.0,6,43,45,62,59,,,
SS6,26,50,85,8.9,0.0,72.0,0.0,11.5,0.0,298.0,0.0,13.5,0.0,5.5,0.0,282,0.0,325.0,0.0,43,15,63,22,,,
SS6,27,130,5.0,5.6,0.0,63.0,0.0,10.9,0.0,279.0,0.0,11.9,0.0,3.0,0.0,273,0.0,336.0,0.0,43,15,63,22,,,
SS1,211,14,87,3.2,0.6,145,69.0,1. 1,1.5,103,32.0,3.6,1.0,0.1,0.3,116,27.0,50,64.0,44,26,63,29,,,
SS1,187,95,6.0,1.2,0.6,281,89.0,2.2,0.5,136,82.0,2.4,0.6,0.1,1.1,137,84.0,353,22,44,26,63,29,,,
S5,262,50,1470,6.2,4.9,149,2.0,4.6,4.0,108,43.0,6.7,5.1,3.7,4.9,138,11.0,63,0.0,42,30,63,30,,,
S5,262,150,1370.0,4.5,1.6,145,4.0,2.2,1. 7,87,1.0,4.7,1.8,1.8,1.4,138,2.0,74,8,42,30,63,30,,,
S5,370,1514,10.0,1.7,0.0,96.0,0.0,2.3,0.0,287.0,0.0,2.8,0.0,0.3,0.0,283,0.0,324.0,0.0,42,30,63,30,,,
SS5,14,150,1575,3.5,0.0,273.0,0.0,6.5,0.0,227.0,0.0,7,0.0,2.3,0.0,235,0.0,23.0,0.0,42,35,63,30,,,
SS5,14,1000,725.0,5.3,0.0,132,2.0,2.9,0.2,359.0,6,5.7,0.1,2.0,0,320.0,1.0,294,3.0,42,35,63,30,,,
SS4,94,20,1000,14.5,4.1,98,16.0,12.6,2.0,12,22.0,14.7,4.3,12.4,1.7,278,2.0,269,21.0,42,40,63,30,,,
SS4,584,50,970.0,3.1,0.1,111,6.0,3.9,0.1,354,1.0,4.4,0.1,2.5,0.2,335,3.0,329,5,42,40,63,30,,,
SS4,204,100,920.0,3.8,0.0,166.0,0.0,3.7,0.0,37.0,0.0,4.8,0.0,2.3,0.0,10,0.0,314.0,0.0,42,40,63,30,,,
SS4,676,150,870,5.8,2.8,132.0,20,4.8,2,20.0,34,6.2,2.4,4.2,2.6,330.0,20,299.0,19,42,40,63,30,,,
SS4,36,200,820,7.2,0.0,165,0.0,4.3,0.0,70,0.0,7.2,0.0,4.3,0.0,348.0,0.0,275,0.0,42,40,63,30,,,
SS4,363,500,520,2.4,1.1,136.0,110,1.3,0. 6,306,131.0,2.7,1.1,0.2,0.7,232,87.0,315,119.0,42,40,63,30,,,
SS4,210,690,330,1.9,0.1,102.0,26,2.3,1.4,240.0,31,2.8,1.4,0.7,0.9,278.0,21,305.0,34,42,40,63,30,,,
SS4,296,990,30,2,0.9,153.0,71,3.5,2.6,230.0,30,3.9,2.5,0.2,1.6,228.0,34,9.0,35,42,40,63,30,,,
S3,371,230,480,4.1,0,74,0,5.5,0,308,0,6.3,0,3.1,0,289.0,0.0,326,0,42,45,63,30,,,
S3,97,500,210.0,3.4,0,170.0,0.0,2.6,0,149.0,0.0,4.2,0,0.8,0.0,162,0.0,53.0,0.0,42,45,63,30,,,
S3,262,690,20.0,2.1,0,155.0,0.0,1.6,0,160.0,0.0,2.6,0,0.1,0.0,157,0.0,53.0,0.0,42,45,63,30,,,
S1,266,20,220,7.5,3.2,3,38.0,12,1.9,273,26.0,12.1,1.9,7.3,3.2,272,19.0,358,12.0,42,49,63,30,,,
S1,752,50,190.0,6.9,1.8,26,20.0,9.6,1.0,293,9.0,9.7,0.9,6.7,2.0,294,5.0,360,12,42,49,63,30,,,
S1,180,100,140.0,6.4,0,117.0,0.0,9.1,0,1.0,0.0,9.8,0,5.4,0.0,347,0.0,335.0,0.0,42,49,63,30,,,
S1,632,150,90,4.9,1.5,72,31.0,6.7,2.0,315,23.0,7.2,2.1,4.1,1.4,299,23.0,332,2.0,42,49,63,30,,,
S1,572,230,10,3.4,0.6,61.0,15,6.1,0.3,302.0,28,6.4,0.2,2.3,0.9,293.0,27,342.0,3,42,49,63,30,,,
S6,250,20,150,10.9,0,28.0,0.0,17.9,0.0,283.0,0.0,18.2,0.0,10.3,0.0,275,0.0,347.0,0.0,43,0,63,30,,,
S6,492,50,120.0,5.9,0.5,60,16.0,9.6,0.6,314,12.0,9.9,0.5,5.6,0.2,305,7.0,345,7.0,43,0,63,30,,,
S6,182,100,70.0,6.4,0,74.0,0.0,10.9,0.0,321.0,0.0,11.3,0.0,5.7,0.0,312,0.0,342.0,0.0,43,0,63,30,,,
S6,380,153,17,5.1,1.5,17.0,14.0,9.7,1.6,299,32,10.1,1.4,4.1,2,298.0,42.0,362,25,43,0,63,30,,,
SS13,43,14,84,4.1,0,91.0,0.0,3.2,0.0,279.0,0.0,5.2,0.0,0.4,0.0,274,0.0,308.0,0.0,44,1,63,46,,,
SS13,13,16,82.0,4.2,0,91.0,0.0,1.9,0.0,257.0,0.0,4.6,0.0,0.4,0.0,269,0.0,294.0,0.0,44,1,63,46,,,
SS13,52,89,9.0,2,0,117.0,0.0,2.8,0.0,214.0,0.0,2.8,0.0,2.0,0.0,221,0.0,350.0,0.0,44,1,63,46,,,
SS13,43,95,3,2.1,0,158,0.0,3.6,0.0,198,0.0,4.0,0.0,1.2,0.0,189.0,0.0,27,0.0,44,1,63,46,,,
SS12,69,14,46,5.4,0.1,102,6.0,5. 5 , 0. 7,294,9.0,7.6,0.5,0.8,1,288.0,3,316.0,3.0,44,25,63,5,,,
SS12,70,20,40,6.8,0,216.0,0.0,3,0.0,273.0,0.0,7,0.0,2.4,0.0,222,0.0,75.0,0.0,44,25,63,5,,,
SS12,43,54,6.0,3.3,0,91.0,0.0,1.7,0.0,219.0,0.0,3.5,0.0,1.3,0.0,263,0.0,290.0,0.0,44,25,63,5,,,
S2,84,30,210,10.8,0,39.0,0.0,11.9,0.0,283.0,0.0,13.6,0.0,8.5,0.0,257,0.0,321.0,0.0,42,46,64,0,,,
S2,334,50,190.0,10.5,0.1,109,53.0,12.9,1.0,355,57.0,14.1,1.1,8.8,0.1,33.4,53.0,329,2.0,42,46,64,0,,,
S2,247,220,20.0,1.3,0.8,11,55.0,12.5,1.2,270,58.0,12.6,1.2,1.7,0.8,270,58.0,359,1.0,42,46,64,0,,,
S7,338,230,489,5.6,0,102.0,0.0,5.1,0.0,315.0,0.0,7.3,0.0,2.2,0.0,296,0.0,312.0,0.0,42,42,64,2,,,
S7,311,690,20.0,1.2,0.6,307,58.0,6.3,1.5,197,16.0,6.3,1.5,1,0.8,197,15.0,358,6,42,42,64,2,,,
C5,170,15,45,4.6,3.3,90,41.0,7.2,4.0,293,32.0,8.4,0.0,1.6,0.0,286,0.0,328.0,0.0,43,34,65,6,,,
C5,174,30,30.0,13.6,0.0,333.0,0.0,5,0.0,142.0,0.0,14.5,0.0,0.8,0.0,152,0.0,290.0,0.0,43,34,65,6,,,
C5,173,50,10.0,10.1,0.0,198.0,0.0,6.3,0.0,293.0,0.0,10.2,0.0,6.3,0.0,14,0.0,276.0,0.0,43,34,65,6,,,
C1,162,15,45,55.1,2.3,158,2.0,21.2,3.7,12,10.0,87,0.0,11.4,0.0,340,0.0,282.0,0.0,43,11,65,43,,,
C1,162,30,30.0,75.1,2.0,141,2.0,22.8,4.0,333,10.0,78.4,0.0,4.6,0.0,322,0.0,287.0,0.0,43,11,65,43,,,
C1,174,50,10.0,41.6,10.4,150,14.0,16.6,3.2,308,11.0,44.4,0.0,5.9,0.0,327,0.0,291.0,0.0,43,11,65,43,,,
C3,161,15,95,45.6,1.6,174,2.0,29.5,3.6,16.0,7,53.6,0.0,9.2,0.0,360.0,0.0,302,0.0,42,50,65,50,,,
C3,103,50,60.0,53.5,1.4,162,2.0,35.2,1.8,11,3.0,62.3,0.0,14.8,0.0,350,0.0,302.0,0.0,42,50,65,50,,,
C3,161,100,10.0,35.6,1.8,162,3.0,27.7,2.5,359,5.0,44.6,0.0,6.5,0.0,349,0.0,308.0,0.0,42,50,65,50,,,
NEC1,174,103,120,42.3,4.1,162,5.0,33.3,1.5,18,5.0,51.4,3.0,16.1,1.1,355,3.0,307,4.0,42,22,65,56,,,
NEC1,174,153,70.0,45.1,2.6,157,3.0,41.6,3.1,18,4.0,57.5,3.2,21.4,2.7,355,2.0,312,2,42,22,65,56,,,
NEC1,174,207,16.0,27.6,3.2,141,4.0,40.6,1.9,350,6.0,47.8,0.8,-11.4,1.8,341,3.0,327,4,42,22,65,56,,,
NEC2*,58,106,134,38.3,1.0,166,2.0,32,0.6,14,1.0,48.6,0.1,-11.6,1.4,357,1.0,309,2.0,42,18,65,58,,,
NEC2*,174,156,84.0,45.3,3.5,153,2.0,41.7,2.9,19,4.0,56.6,3.1,24.3,3.5,354,2.0,312,3,42,18,65,58,,,
NEC2*,58,217,17.0,31.9,9.3,147,7.0,30.6,8.2,9,2.0,41.4,12.2,15.6,2.7,347,4.0,314,1,42,18,65,58,,,
NEC3*,87,112,116,46.7,2.8,170,1.0,37.7,2.4,21,6.0,57.9,2.8,15.5,3.9,2,3.0,308,0.0,42,11,66,2,,,
NEC3*,87,162,66.0,43.6,3.3,154,4.0,50.6,1.2,22,3.0,61.1,2.7,26.9,1.6,3,1.0,321,2,42,11,66,2,,,
NEC3*,174,220,16.0,27.4,3.2,142,7.0,43.5,3.9,357,3.0,49.5,2.8,13.9,3.3,348,2.0,330,5,42,11,66,2,,,
CASHES LEDGE,58,33,157,,8.2,233,,11.9,,10,,13.6,0.0,4.9,0.0,22.0,0.0,329,0.0,43,11,69,5,,,
CASHES LEDGE,58,68,122.0,5.7,0.7,240,7.0,7.1,1.2,16,10.0,8.5,0.0,3.3,0.0,32,0.0,324.0,0.0,43,11,69,5,,,
CASHES LEDGE,55,118,72.0,5.8,0.7,218,7.0,8.6,0.7,346,5.0,9.5,0.0,4.1,0.0,359,0.0,332.0,0.0,43,11,69,5,,,
MONHEGAN,57,33,65,4.2,,287.0,,7.5,,356.0,,7.7,0.0,3.8,0.0,348,0.0,15.0,0.0,43,40,69,23,,,
MONHEGAN,58,68,30.0,3.4,1.3,338,22.0,4,1.6,32,24.0,4.7,0.0,2.3,0.0,11,0.0,37.0,0.0,43,40,69,23,,,
C.PORPOI5E,74,33,65,2.7,0.5,228,11.0,5.7,0.7,334,7.0,5.8,0.0,2.6,0.0,338,0.0,351.0,0.0,43,13,70,17,,,
C.PORPOI5E,74,68,30.0,1.1,0.3,240,18.0,3,0.5,337,9.0,3,0.0,1.1,0.0,338,0.0,357.0,0.0,43,13,70,17,,,
BOSTON L.S.,369,2,31,4.1,0.0,200,0.0,0.6,0.0,163,0.0,4.1,0.0,0.4,0.0,200.0,0.0,83,0.0,42,20,70,45,,,
BED65,29c,25,37a,82,0.0,20.0,0.0,64.3,0.0,22.0,0.0,104.2,0.0,1.3,0.0,21,0.0,52.0,0.0,45,8,65,8,,,
BED66,29c,25,13a,62.8,0.0,17.0,0.0,36.4,0.0,22.0,0.0,72.5,0.0,2.7,0.0,18,0.0,60.0,0.0,45,25,65,0,,,
BED64,29c,10,40a,101.2,0.0,16,0.0,61.3,0.0,27,0.0,117.9,0.0,9.9,0.0,19.0,0.0,59.0,0.0,45,13,65,14,,,
BED64,29c,25,25a,85.5,0.0,25.0,0.0,51.4,0.0,25.0,0.0,99.8,0.0,0.4,0.0,25,0.0,59.0,0.0,45,13,65,14,,,
BED63,29c,25,25a,78.1,0.0,20.0,0.0,43.3,0.0,20.0,0.0,89.3,0.0,0.3,0.0,20,0.0,61.0,0.0,45,19,65,20,,,
BED62,29c,13,77b,101.2,0.0,14,0.0,42.7,0.0,33,0.0,109.1,0.0,12.6,0.0,17.0,0.0,68,0.0,44,39,66,2,,,
BED61,29c,13,94b,77,0.0,18.0,0.0,26.1,0.0,35.0,0.0,81,0.0,7.2,0.0,20,0.0,72.0,0.0,44,49,66,12,,,
BED61,29c,50,57b,80,0.0,14.0,0.0,34.3,0.0,23.0,0.0,86.9,0.0,5.0,0.0,15,0.0,67.0,0.0,44,49,66,12,,,
BED60,29c,13,7lb,64.6,0.0,22.0,0.0,32.8,0.0,41.0,0.0,71.8,0.0,9.7,0.0,26,0.0,64.0,0.0,45,0,66,24,,,
L,145,51,15,50.3,0.7,142.0,2.0,57.8,1.5,33.0,2.0,63.1,1.4,43.5,0.7,8,3.0,326,1.0,41,42,66,36,,,
P4,29,79,140,44.8,0,163.0,0.0,39.1,0.0,28.0,0.0,55,0.0,22.7,0.0,2,0.0,309.0,0.0,42,12,66,41,,,
P4,29,129,90.0,27,0,144.0,0.0,44.5,0.0,359.0,0.0,50.2,0.0,13.8,0.0,351,0.0,331.0,0.0,42,12,66,41,,,
P5,29,19,52,63.5,0,161.0,0.0,84.3,0.0,44.0,0.0,91.9,0.0,51.9,0.0,27.0,0.0,331,0.0,42,2,66,41,,,
P5,29,44,27.0,52.4,0,143.0,0.0,67.8,0.0,24.0,0.0,74.8,0.0,41.8,0.0,6.0,0.0,329,0.0,42,2,66,41,,,
P6,58,11,59,63.9,2.6,126,0.0,79.7,0.9,12,1.0,87.0,1.5,53.4,2.1,352.0,1,329.0,1,41,53,66,41,,,
P6,58,26,44.0,59.7,1.8,142,1.0,71.9,0.7,29,1.0,79.3,1.1,49.5,1.4,7,0.0,327,1,41,53,66,41,,,
P6,58,36,34.0,56.3,1.4,176,2.0,65.2,1.2,61,2.0,73.2,0.3,45.5,0.4,37.0,1,324.0,3,41,53,66,41,,,
M1**,NA,77,123,10.9,0.0,164.0,0.0,7.1,0.0,20.0,0.0,12.5,0.0,3.6,0.0,354,0.0,301.0,0.0,42,4,67,52,,,
M1**,NA,192,8.0,9.4,0.0,89.0,0.0,21.1,0.0,311.0,0.0,22.3,0.0,5.9,0.0,305,0.0,340.0,0.0,42,4,67,52,,,
K4*,58,10,67,30.6,0.0,158.0,0.0,36,0.0,46.0,0.0,39.5,2.2,25.9,2.0,23,3.0,327,0.0,40,56,66,58,,,
K4*,58,36,41.0,28.8,0.0,151.0,0.0,32.7,0.0,41.0,0.0,36,1.5,24.5,1.7,15.0,2,325.0,0.0,40,56,66,58,,,
K4*,58,69,8.0,20.8,0.0,123.0,0.0,26.9,0.0,11.0,0.0,28.8,2.2,18.1,1.6,353,4.0,333,0.0,40,56,66,58,,,
P1,15,30,173,47.7,0.0,195.0,0.0,24.6,0.0,95.0,0.0,47.9,0.0,24.1,0.0,18,0.0,277.0,0.0,42,12,67,15,,,
P1,15,40,163.0,46.4,0.0,197.0,0.0,22.1,0.0,98.0,0.0,46.6,0.0,21.7,0.0,19,0.0,276.0,0.0,42,12,67,15,,,
P1,15,75,128.0,35.7,0.0,154.0,0.0,31.7,0.0,18.0,0.0,44.3,0.0,17.7,0.0,353,0.0,310.0,0.0,42,12,67,15,,,
P2,30,14,36,55.6,6.8,151,6.0,89.8,1.7,13,3.0,100.4,2.1,33,0.7,3.0,1.0,332,5.0,42,3,67,15,,,
P2,15,30,20.0,46.7,0.0,145.0,0.0,77,0.0,10.0,0.0,84.8,0.0,30.0,0.0,360,0.0,333.0,0.0,42,3,67,15,,,
P3,15,15,30,54,0.0,116.0,0.0,91.7,0.0,14.0,0.0,94.4,0.0,49.5,0.0,8,0.0,349.0,0.0,41,53,67,15,,,
P3,15,30,15.0,51.8,0.0,132.0,0.0,83.2,0.0,17.0,0.0,87.1,0.0,44.9,0.0,7,0.0,340.0,0.0,41,53,67,15,,,
P3,15,40,5.0,30.1,0.0,136.0,0.0,56.9,0.0,44.0,0.0,56.9,0.0,30.1,0.0,43,0.0,359.0,0.0,41,53,67,15,,,
K3*,58,36,8,46.7,0.0,129.0,0.0,55.1,0.0,22.0,0.0,58.8,1.0,41.9,0.9,2,1.0,330,0.0,41,20,67,16,,,
M9*,58,71,8,19.7,0.0,115.0,0.0,32.1,0.0,6.0,0.0,33,1.4,18.1,1.1,357,2.0,344,0.0,40,54,67,24,,,
A,261,15,70,27.5,1.7,137,4.0,34.2,2.6,27,2.0,36.6,2.4,24.2,1.9,8,2.0,332,3.0,40,51,67,24,,,
A,957,45,40,29.4,1.8,134.0,4,35.8,1.4,26.0,4,38.3,1.6,26.0,1.6,5,2.0,331,3,40,51,67,24,,,
A,957,75,10.0,22.9,1.5,119,4.0,30.6,1.9,8,5.0,32.5,2.0,20.1,1.3,352,3.0,335,2,40,51,67,24,,,
A,290,84,1,14.1,1.4,108.0,10,21.0,1.2,360.0,6.0,21.8,1.5,12.9,0.9,349,3.0,341,6.0,40,51,67,24,,,
C,116,15,23,59,0.7,122,1.0,71.6,0.2,20,1.0,74.3,0.4,55.6,0.5,2,1.0,336,1.0,41,24,67,34,,,
K***,58,10,54,43.8,0.8,142,0.0,51.1,0.3,34,1.0,55.1,0.0,38.7,1.2,11,1.0,328,0.0,41,4,67,34,,,
K***,174,15,45.0,42.2,0.5,139,4.0,49.6,1.9,3O,3,53.6,1.3,37.0,1.1,7.0,1,328,3,41,4,67,34,,,
K***,58,34,30.0,43.8,0.8,142,0.0,51.1,0.3,34,1.0,55.1,0.0,38.7,1.2,11,1.0,328,0,41,4,67,34,,,
K***,174,54,10,31.8,0.8,125.0,4,41.9,0.8,15.0,5,44.4,0.9,28.2,1.2,359.0,5,335.0,1,41,4,67,34,,,
K***,87,58,4,30.3,0.7,129.0,1,38.7,1.1,19.0,1,41.2,1.1,26.8,0.6,1.0,1,333.0,1,41,4,67,34,,,
K***,232,60,1,22.1,1.3,116.0,6,30.4,0.9,8.0,3,31.8,1,20.2,1.1,354.0,3,339.0,5,41,4,67,34,,,
D,87,15,69,30.5,1.4,150,6.0,31.6,4.1,22.0,4,39.5,3.1,19.3,2.3,357.0,2.0,317,5.0,41,59,67,41,,,
M2*,NA,44,41,22.2,0,113.0,0,27.7,0,2.0,0,29.8,0,19.2,0,342,0,331.0,0,42,0,67,49,,,
M2*,NA,77,8.0,13.9,0,61.0,0,29,0,308.0,0,29.6,0,12.5,0,302,0,347.0,0,42,0,67,49,,,
M,145,10 H,56,29.2,1.7,118.0,6,72.8,3.2,35.0,3.0,73.2,3.1,28.9,1.8,36,2,3.0,2,40,51,68,49,,,
M,171,10 R,56,28.1,1.4,117.0,3,71.4,1.8,34.0,2.0,71.5,0.0,27.9,0.0,35,0.0,3.0,0.0,40,51,68,49,,,
M,116,51 H,15.0,21.9,1.7,124,2.0,59.6,1.9,30,1,59.6,2,21.8,1.7,29.0,1.0,358,1.0,40,51,68,49,,,
M,124,51 R,15,22.1,0.8,124,2.0,59.8,0.9,29,1,59.8,0.0,22,0,28.0,0.0,358,0.0,40,51,68,49,,,
B,87,58,20,18,1.1,97,9,57.7,1.2,26,1,58.0,1,16.9,1.9,28.0,1.0,6,3.0,40,49,69,0,,,
GSC2,109,10,73,29.1,2.4,108,5.0,70.5,1.8,40,2.0,71.5,0.0,26.6,0.0,44,0.0,10.0,0.0,40,51,69,1,,,
GSC2,152,32,41.0,27.9,2.0,107,3.0,69.3,1.7,37,2.0,70.1,0.0,25.9,0.0,40,0.0,9.0,0.0,40,51,69,1,,,
N,145,68,15,21.9,0.5,95,3.0,56.1,0.9,31.0,1.0,57.1,0.9,19.3,0.6,35,1.0,11.0,1.0,40,51,69,1,,,
R,116,79,1,17.3,0.9,66.0,7,23.7,1.4,13.0,4,26.7,0.6,12.2,0.8,28.0,3,31.0,5.0,40,30,69,1,,,
GSC1,149,27,37,28.6,0.7,89,2.0,59.6,0.9,40.0,1.0,62.9,0.0,20.5,0.0,47,0.0,20.0,0.0,40,52,69,11,,,
GSC1,149,49,15.0,27.3,1.0,77,2.0,48.6,0.7,33.0,1.0,53,0.0,17.4,0.0,42,0.0,25.0,0.0,40,52,69,11,,,
LCA,116,80,20,22.2,1.1,113,5.0,33.2,1.4,11.0,3,33.7,1.3,21.3,1.1,3.0,2,347.0,3.0,40,34,67,45,,,
LCA,58,99,1.0,10.4,2.3,119,10.0,16.6,1.7,357.0,3,17.6,1.5,8.3,3.1,346.0,0,337,2.0,40,34,67,45,,,
LCB,145,92,190,19,2.1,114,2.0,25.2,0.7,13,3.0,25.8,0.9,18.2,2.1,360,5.0,343,4.0,40,32,67,43,,,
LCB,145,227,55.0,2,0.9,75,58.0,3.8,2.3,248,72.0,4.3,2.3,0.4,1,244.0,70,327,18,40,32,67,43,,,
LCB,116,277,5.0,2.3,2.0,7,28.0,6.1,3.8,151,29.0,6.5,4.2,0.6,0.5,153.0,30,344,11,40,32,67,43,,,
LCC,116,134,50,9.1,2.4,113,4.0,15.6,3.5,2,2.0,16.2,3.6,8.1,2.1,353,3.0,343,4.0,40,29,67,44,,,
LCD,116,143,50,9.9,1.8,96,13.0,22.5,2.1,358,8.0,22.6,2.2,9.7,1.7,356.0,7,356.0,4,40,29,67,41,,,
LCE,145,116,484,11.6,2.7,125,6.0,18.9,1.9,23,4.0,19.1,2.0,11.2,2.7,17,4.0,350,3.0,40,25,67,40,,,
LCE,145,216,384.0,5.3,0.8,10,22.0,11.8,8.0,7,5.0,12.9,0.7,0.3,1.7,8,7,24,4,40,25,67,40,,,
LCE,145,595,5.0,6,0.6,21,12.0,14.7,1.2,24,13.0,15.8,1.3,0.3,0.6,23,13,22,1,40,25,67,40,,,
LCF,145,205,300,6.4,1.6,104,25.0,8.8,1.4,12,15.0,8.9,1.5,6.2,1.5,12,17.0,360,17.0,40,21,67,39,,,
LCF,174,405,100.0,5.4,0.8,355,7.0,4.4,0.4,358,9.0,7,0.8,0.2,0.4,356.0,7,51,3,40,21,67,39,,,
LCG,174,195,300,6.7,1.0,85,23.0,6.9,2.2,14,26.0,8.6,0.8,4.6,1.7,24,45.0,24,42.0,40,21,67,42,,,
LCG,174,395,100.0,3.1,0.5,21,9.0,4.2,0.6,357,6.0,5.1,0.7,1,0.2,5,8.0,36,5,40,21,67,42,,,
LCH*,145,290,1264,4.3,1.5,131.0,9,6.9,2.2,21.0,11,7.1,2.1,4.0,1.6,13.0,13,344.0,8,40,18,67,40,,,
LCH*,145,540,1014.0,1.6,0.4,31,23.0,3.3,1.0,312.0,20,3.4,0.9,1.5,0.4,307,43,355,30,40,18,67,40,,,
LCH*,145,890,664.0,1.4,0.3,188,7.0,3.5,0.5,2,17.0,3.8,0.5,0.1,0.3,3,16,339,4,40,18,67,40,,,
LCH*,29,1454,100,1.2,0.0,25,0.0,5.5,0.0,342,0.0,5.5,0.0,0.8,0.0,343.0,0.0,10,0.0,40,18,67,40,,,
LCH*,87,1375,5,1.1,0.1,101.0,28,5.8,0.9,332.0,19,5.8,0.9,0.8,0.3,331.0,19,354.0,3,40,18,67,40,,,
LCI,145,10,240,10,3.9,141,19.0,11.6,2.5,45,20.0,11.8,2.6,9.6,3.8,34,30.0,349,30.0,40,23,67,33,,,
LCI,145,55,195.0,9.1,2.7,125,16.0,10.8,1.8,35,17.0,11.2,1.9,8.7,2.3,46,44.0,12,33,40,23,67,33,,,
LCI,145,195,55,9.9,3.6,106,12.0,9.3 .,1.9,18,6.0,11,3.8,8,1.3,358.0,49,342.0,53,40,23,67,33,,,
LCI,145,245,5,3..8 ,0.7,57.0,23,6.0,1.6,316.0,19,6.3,1.1,3.3,0.5,302.0,33,340.0,25,40,23,67,33,,,
LCJ,116,83,488,6.4,2.0,129,20.0,9.1,2.7,45,13.0,9.1,2.7,6.2,2.1,501,8.0,8,10.0,40,21,67,32,,,
LCJ,145,223,348.0,4.9,2.6,127,11.0,7.2,2.6,30,11.0,7.3,2.6,4.8,2.6,24,11.0,351,9,40,21,67,32,,,
LCJ,145,471,100.0,1.2,0.4,5,92.0,1.6,6,227.0,18,1.8,0.6,0.5,0.7,212,21,340,32,40,21,67,32,,,
LCK,145,204,350,4,1.7,146.0,10,6.5,1.6,47.0,6,6.6,1.6,3.9,1.7,42.0,6,352,8,40,16,67,47,,,
LCK,145,454,100.0,4.3,1.3,61,22.0,4.3,1.6,296,18.0,5.5,1.7,2.6,1,263.0,21,311,16,40,16,67,47,,,
LCT,116,65,60,18.7,1.0,3,121.0,22.9,0.7,21,23.5,0.7,18.0,1,3.0,6,2.0,340,2.0,40,32,67,36,,,
LCT,116,105,20.0,19.4,3.7,106,4.0,22.6,1.2,4.0,2.0,23.9,1.9,17.9,2.9,341,17.0,332,17.0,40,32,67,36,,,
LCM*,145,103,20,18.8,1.8,100,6.0,25.5,2.5,6.0,5,25.6,2.5,18.6,1.9,2.0,7,354.0,7,40,30,67,49,,,
LCM*,174,119,1.0,10.4,2.5,85,11.0,15.1,3.7,344,8.0,15.5,3.6,9.9,2.4,333,11.0,344,11,40,30,67,49,,,
LCN,145,243,798,6.2,0.6,105,10.0,7.4,2.9,17,31.0,8.6,1.3,4.8,1.8,15.0,55,4,42,40,21,67,40,,,
LCN,145,841,200.0,4.9,1.1,5,4.0,7,1.4,347,7.0,8.4,1.7,1.2,0.3,353,6.0,34,2,40,21,67,40,,,
NANTUCKET LS,738,2,53,30.1,6.3,97,3.0,35.1,6.5,29,4.0,30.8,7.3,25.2,5.4,53,2.0,34,1.0,40,37,69,37,,,
NSA,60,5,28,7.7,1.3,40,10.0,58.8,7.6,344,7.0,59.0,0.0,6.4,0.0,345.0,0.0,4,0.0,41,31,69,36,,,
NSA,63,25,8.0,6.4,0.9,16,8.0,59.3,2.7,319,2.0,59.4,0.0,5.4,0.0,319.0,0.0,3,0.0,41,31,69,36,,,
NSB,42,10,12,37,1.8,20,3.0,62.9,2.2,345,2.0,70.5,0.0,18.9,0.0,353,0.0,28.0,0.0,41,26,69,44,,,
NSD,42,16,17,21.5,3.3,327,9.0,41.5,2.9,345.0,4,46.4,0.0,5.9,0.0,341.0,0.0,27,0.0,41,37,69,44,,,
POLLOCK RIP,369,2,12,18.6,0.0,325.0,0.0,66.1,0.0,307.0,0.0,68,0.0,5.7,0.0,308,0.0,15.0,0.0,41,37,69,54,,,
GREAT ROUND,87,2,20,59.2,0.0,12.0,0.0,32,0.0,331.0,0.0,64.5,0.0,19.3,0.0,4.0,0.0,66,0.0,41,24,69,55,,,
NSC,42,8,8,45.9,2.3,32,3.0,14.9,1.6,247,6.0,47.5,0.0,8.3,0.0,35,0.0,105.0,0.0,41,37,69,59,,,
I,29,18,23,34,0.0,71.0,0.0,24.6,0.0,347.0,0.0,34.2,0.0,24.3,0.0,64,0.0,81.0,0.0,40,43,70,1,,,
NSE,41,10,12,39.5,11.3,10,16.0,35,7.9,267,13.0,41.8,0.0,32.2,0.0,35,0.0,121.0,0.0,40,59,70,4,,,
NSFEI,172,10,36,28.1,1.0,81,2.0,24.7,0.9,353.0,2.0,28.1,0.0,24.6,0.0,75,0.0,83.0,0.0,40,41,70,8,,,
NSFEI,222,30,16.0,25.6,0.7,66,2.0,22.7,0.8,341.0,2.0,25.9,0.0,22.3,0.0,50,0.0,72.0,0.0,40,41,70,8,,,
Q,174,10,57,18.7,1.3,84,2.0,17.3,1.6,6,3.0,19.9,1.3,15.9,1.6,55.0,5.0,55,5.0,40,30,70,13,,,
Q,464,31,36.0,16.3,0.7,82,3.0,14.5,0.7,4,4.0,17.2,0.7,13.5,0.8,57,3.0,59,3,40,30,70,13,,,
Q,377,51,16.0,16.1,0.9,79,3.0,14.9,0.8,3,5.0,17.4,0.6,13.3,1.0,49.0,5,54,7,40,30,70,13,,,
Q,145,57,10,16,0.8,70.0,3,13.8,1,351.0,4,16.7,0.9,13.0,0.8,49.0,6.0,64,5.0,40,30,70,13,,,
Q,116,66,1,10,0.4,43.0,5,7.4,0.3,314.0,7,10.0,0.4,7.4,0.3,41.0,2.0,88,4.0,40,30,70,13,,,
NSFE3,46,10,78,10.5,1.8,98.0,10,10.3,2.3,23.0,13,11.7,0.0,8.9,0.0,63.0,0.0,47,0.0,40,20,70,16,,,
NSFE3,209,30,58.0,10.9,0.5,85,3.0,10.3,0.5,9,3.0,11.8,0.0,9.2,0.0,53.0,0.0,52,0.0,40,20,70,16,,,
NSFE3,209,70,18.0,11.7,0.6,77,3.0,10.5,1.0,0,5,12.4,0.0,9.6,0.0,51.0,0.0,58,0.0,40,20,70,16,,,
NSFE4,170,10,95,10,1.6,96,9.0,10.9,1.7,15.0,9,11.3,0.0,9.6,0.0,40.0,0.0,30,0.0,40,13,70,18,,,
NSFE4,224,30,75.0,8.1,0.8,94,5.0,8.1,0.8,13,6.0,8.7,0.0,7.4,0.0,54,0.0,45.0,0.0,40,13,70,18,,,
NSFE4,170,60,45.0,7.7,0.7,87,5.0,7.1,0.6,7,5.0,8.1,0.0,6.7,0.0,61,0.0,59.0,0.0,40,13,70,18,,,
NSFE4,224,90,15,8,0.9,78.0,6,8.0,1,3.0,7,9.0,0.0,6.9,0.0,41.0,0.0,45,0.0,40,13,70,18,,,
NSFE5,171,10,188,3.2,1.4,129,26.0,2.8,1.3,50,26.0,3.4,0.0,2.7,0.0,108,0.0,63.0,0.0,40,2,70,22,,,
NSFE5,171,30,168.0,2.7,,109.0,,2.3,,28.0,,2.8,0.0,2.2,0.0,92,0.0,69.0,0.0,40,2,70,22,,,
NSFE5,171,90,108.0,3.4,1.1,75,19.0,2.6,1.1,355,24.0,3.4,0.0,2.5,0.0,61,0.0,72.0,0.0,40,2,70,22,,,
NSFE5,171,120,78,4.4,0.9,71.0,12,3.9,1,347.0,15,4.5,0.0,3.8,0.0,55.0,0.0,71,0.0,40,2,70,22,,,
NSFE5,171,185,13,4.1,1.2,102,17.0,4.1,1.2,24.0,17,4.5,0.0,3.6,0.0,63.0,0.0,45,0.0,40,2,70,22,,,
NSFE6,225,10,800,1.6,0.9,236,33.0,2.4,1.1,148,26.0,2.4,0.0,1.6,0.0,150,0.0,2.0,0.0,39,51,70,25,,,
P,87,61,10,10.8,0.1,63,3.0,9.8,0.4,342.0,4,11.2,0,9.4,0.5,38.0,6,61.0,3.0,40,29,70,30,,,
P,58,70,1.0,6,0.1,30,7.0,5.2,0.1,305.0,5,6.1,0.1,5.1,0.2,16.0,11,74.0,5.0,40,29,70,30,,,
NES743,35,20,85,5.4,0.8,71,8.0,5.6,1.0,341,10.0,5.6,0.0,5.4,0.0,341,0.0,0.0,0.0,40,18,70,52,,,
NES743,35,60,45.0,4.9,0.6,72,7.0,5.1,0.8,343,9.0,5.1,0.0,4.9,0.0,354,0.0,12.0,0.0,40,18,70,52,,,
NES764,180,305,1995.0,1..6 ,0.6,59,20.0,0.4,0.4,308,54.0,1.6,0.0,0.4,0.0,60,0.0,95.0,0.0,39,37,70,56,,,
NES764,180,2005,295.0,0.7,0.2,74,19.0,0.1,0.1,41,49.0,0.7,0.0,0.1,0.0,74,0.0,83.0,0.0,39,37,70,56,,,
NES742,35,20,54,8.6,0.3,67,4.0,8.3,0.3,340,5.0,8.7,0.0,8.2,0.0,41.0,0.0,62,0.0,40,35,70,59,,,
NES742,35,60,14.0,7.9,0.4,59,6.0,7.6,0.4,331,6.0,8.0,0.0,7.5,0.0,39.0,0.0,69,0.0,40,35,70,59,,,
VINEYARD,58,2,31.0,10.7,0.0,63,0.0,27.6,0.0,300,0.0,23.4,0.0,8.7,0.0,294.0,0.0,343,0.0,41,23,71,0,,,
HENS&CHICK,369,2,16,19.7,0.0,318,0.0,8.9,0.0,253,0.0,20.1,0.0,7.9,0.0,313.0,0.0,77,0.0,41,27,71,1,,,
NES763,181,145,351,0.7,0.5,117,42,0.7,0.6,76.0,50,0.9,0.0,0.3,0.0,97.0,0.0,45,0.0,39,56,71,3,,,
NE5762,139,38,45,5.9,0.5,61,4.0,5.6,0.5,326,5.0,6,0.0,5.5,0.0,88,0.0,120.0,0.0,40,28,71,12,,,
NE5762,93,73,10.0,5.7,0.8,46,8.0,6.2,1.1,307,10.0,6.5,0.0,5.4,0.0,101,0.0,149.0,0.0,40,28,71,12,,,
NES741,35,28,30,9.2,0.5,77,3.0,9.2,0.5,349,4.0,9.4,0.0,9.0,0.0,33,0.0,45.0,0.0,40,56,71,13,,,
BRENTON REEF,369,2,24,4.2,0.0,110.0,0.0,22,0.0,289.0,0.0,22.6,0.0,0.1,0.0,289,0.0,349.0,0.0,41,26,71,23,,,
NES763W,183,302,202,1.7,0.6,66,99.0,1.2,0.5,285,24.0,2,0.0,0.6,0.0,258,0.0,303.0,0.0,39,43,71,47,,,
P32,62,70,5,4.5,0.0,25,0.0,3.9,0.0,274,0.0,5.0,0.0,3.3,0.0,230.0,0.0,303,0.0,40,15,71,51,,,
LI4,56,76,15,7,0.0,42.0,0.0,6.9,0.0,287.0,0.0,8.3,0.0,5.3,0.0,253,0.0,316.0,0.0,40,1,71,53,,,
NES762W,172,38,45,7.4,0.5,48,4.0,6.8,0.6,290,5.0,8.6,0.0,5.1,0.0,235.0,0.0,310.0,0.0,39,55,71,58,,,
LI3,168,3,64,7.9,0.0,49,0.0,6.1,0.0,298,0.0,8.5,0.0,5.3,0.0,247.0,0.0,297,0.0,40,11,72,0,,,
LT5,87,21 H,46,11.9,0.7,45.0,13,9.8,1.6,291.0,14,13.1,0.9,8.0,1.1,246.0,20,302.0,10,40,12,72,0,,,
LT5,70,21 R,46,12.3,1.3,50.0,6,9.4,1.3,300.0,8,13.1,0.0,8.3,0.0,247.0,0.0,296,0.0,40,12,72,0,,,
LT5,116,41 H,26,9.6,2.2,45.0,36,7.4,1.6,292,27.0,10.4,2.6,6.2,1.1,242,40,296,8,40,12,72,0,,,
LT5,70,41 R,26,10.8,1.1,56,6.0,8.4,1.2,309,8.0,11.3,0.0,7.6,0.0,253,0.0,295.0,0.0,40,12,72,0,,,
LT5,87,61 H,6,6.1,0.0,41,1.0,5.2,0.5,278,1.0,7.1,0.3,3.7,0.1,243,4.0,307,5.0,40,12,72,0,,,
LT5,70,61 R,6,6.2,0.5,41,5.0,5,0.7,284,8.0,6.9,0.0,4.0,0.0,241,0.0,302.0,0.0,40,12,72,0,,,
LT5,87,66 H,1,3.9,0.4,26,20.0,3.2,0.4,262,18.0,4.6,0.3,2.3,0.1,226,18.0,306,10.0,40,12,72,0,,,
LT5,70,66 R,1,4.6,0.5,43,6.0,3,0.5,286,10.0,4.9,0.0,2.5,0.0,235,0.0,293.0,0.0,40,12,72,0,,,
LI2,283,3,56,8.6,0.0,54.0,0.0,4.9,0.0,309.0,0.0,8.7,0.0,4.7,0.0,240,0.0,282.0,0.0,40,25,72,8,,,
P31,67,42,5,7.2,0.0,43,0.0,1.6,0.0,310,0.0,7.2,0.0,1.6,0.0,223.0,0.0,271,0.0,40,39,72,15,,,
LT4,29,3,49,9.5,2.0,67,3.0,4,1.9,329,25.0,9.6,2.0,3.9,2.0,247,0.0,272,9.0,40,34,72,19,,,
LT4,203,24,28,15.7,2.5,57.0,19,6.7,1.5,323.0,22,15.8,2.7,6.4,1.2,237.0,20,272.0,7,40,34,72,19,,,
LT4,174,44,8,11.1,0.9,62,6.0,4.3,1.1,321,14.0,11.2,1.0,4.1,1.0,244,5.0,275,4.0,40,34,72,19,,,
LT4,87,51,1,5,0.3,51.0,5,1.3,0.1,298.0,8,5.0,0.3,1.1,0.1,232.0,5,276.0,1,40,34,72,19,,,
L11,60,33,15,7.7,0.0,73.0,0.0,2.8,0.0,349.0,0.0,7.7,0.0,2.8,0.0,252,0.0,267.0,0.0,40,34,72,19,,,
CMICE,25,4,25,10.2,1.4,62,8.0,1.6,0.9,314,31.0,10.2,0.0,1.5,0.0,242,0.0,273.0,0.0,40,47,72,29,,,
CMICE,25,8,21.0,10.4,1.1,60,6.0,2.5,1.3,288,29.0,10.5,0.0,1.8,0.0,242,0.0,279.0,0.0,40,47,72,29,,,
CMICE,25,16,13,9.2,0.8,57,5.0,3.1,0.8,270,14.0,9.6,0.0,1.6,0.0,240,0.0,286.0,0.0,40,47,72,29,,,
CMICE,25,25,4,6.6,0.7,39.0,6,2.6,1.2,219.0,27,7.1,0.0,0,0.0,219.0,0.0,292,0.0,40,47,72,29,,,
HE,29,59,1,4.6,0.0,24,0.0,6.1,0.0,250,0.0,7.1,0.0,2.9,0.0,235.0,0.0,326,0.0,39,57,72,36,,,
BO,107,42,17,13.3,0.0,50.0,0.0,11.3,0.0,287.0,0.0,15.4,0.0,8.2,0.0,251,0.0,307.0,0.0,40,3,72,42,,,
LTM**,120,3,44,10.9,0.8,114,0.0,7.8,1.4,244,6.0,12.3,1.5,5.2,0.3,279,2.0,301.0,5.0,40,7,72,55,,,
LTM**,120,39,8,9.8,0.3,119.0,15,7.2,0.3,259.0,10,11.5,0.5,3.9,0.3,286.0,14,304.0,1.0,40,7,72,55,,,
NJ4,72,3,89,8.4,2.1,55,14.0,6.2,1.7,308,16.0,8.8,0.0,5.7,0.0,250,0.0,292.0,0.0,38,55,72,58,,,
NJ4,72,43,49,11.9,1.5,66,7.0,9.9,1.9,302,11.0,13.8,0.0,7.1,0.0,267,0.0,306.0,0.0,38,55,72,58,,,
NJ4,72,91,1.0,1,0.4,34,24.0,0.7,0.4,97,33.0,1.1,0.0,0.6,0.0,229,0.0,244.0,0.0,38,55,72,58,,,
MA,58,58,1,5.4,0.2,17.0,5.0,6,1.5,248,1.0,7.3,1.3,3.4,0.1,226.0,9,319.0,9,39,27,73,0,,,
LT3,154,3,67,10.9,0.0,70.0,0.0,9.2,0.0,308.0,0.0,12.6,0.0,6.8,0.0,272,0.0,306.0,0.0,39,16,73,2,,,
LT3,104,9,61.0,13.9,1.2,69.0,5,10.2,1,307.0,6,15.4,0.0,7.8,0.0,265.0,0.0,300,0.0,39,16,73,2,,,
LT3,104,19,51,16.1,1.6,66,6.0,12.7,1.3,305,6.0,18.1,0.0,9.7,0.0,265,0.0,303.0,0.0,39,16,73,2,,,
LT3,70,58,12,10.7,1.1,80.0,6,8.9,1.1,319.0,7,12.2,0.0,6.7,0.0,281.0,0.0,305,0.0,39,16,73,2,,,
LT7,84,3,63,10.2,0.0,77.0,0.0,7.9,0.0,296.0,0.0,12.2,0.0,4.1,0.0,271,0.0,306.0,0.0,39,55,73,5,,,
LT7,135,58,8.0,8.3,0.0,90.0,0.0,7.4,0.0,309.0,0.0,10.5,0.0,3.7,0.0,287,0.0,311.0,0.0,39,55,73,5,,,
MESA7,107,18,50a,17.5,1.9,74,6.0,10.1,1.4,300,8.0,19.1,0.0,6.7,0.0,263,0.0,295.0,0.0,39,55,73,6,,,
MESA7,103,38,30a,15.1,1.5,67,5.0,9.9,1.4,295,8.0,16.8,0.0,6.6,0.0,259,0.0,299.0,0.0,39,55,73,6,,,
MESA7,63,66,2a,4.2,0.8,84.0,12,5.0,0.7,285.0,8,6.4,0.0,1.2,0.0,276.0,0.0,320,0.0,39,55,73,6,,,
FIRE,369,2,27,6.7,0.0,91.0,0.0,1,0.0,312.0,0.0,6.7,0.0,0.6,0.0,271,0.0,276.0,0.0,40,29,73,11,,,
P12,115,57,5,8,0.0,53.0,0.0,7.4,0.0,290.0,0.0,9.6,0.0,5.1,0.0,258,0.0,311.0,0.0,39,9,73,13,,,
28,111,3,35,10.8,0.0,83,0.0,5.9,0.0,296,0.0,12.0,0.0,2.9,0.0,270.0,0.0,297,0.0,40,16,73,13,,,
MF,116,15,219,4.3,2.9,59,46.0,5.8,2.0,304,20.0,6.3,2.1,3.4,3.0,286,38.0,330,19.0,38,31,73,14,,,
MF,116,232,2.0,1.6,0.4,345,15.0,1.8,0.7,210,20.0,2.3,0.8,0.9,0.4,191,16.0,319,9,38,31,73,14,,,
NJ3,111,47,15,11.1,0.0,62.0,0.0,10.5,0.0,304.0,0.0,13.1,0.0,7.9,0.0,270,0.0,312.0,0.0,39,4,73,20,,,
15,59,3,20,12,0.0,86.0,0.0,4,0.0,284.0,0.0,12.6,0.0,1.2,0.0,267,0.0,288.0,0.0,40,26,73,28,,,
MC,29,79,1,4.9,0.0,41,0.0,5.5,0.0,271,0.0,6.7,0.0,3.1,0.0,250.0,0.0,321,0.0,38,33,73,31,,,
49,111,27,8,9.9,0.0,49.0,0.0,9.2,0.0,284.0,0.0,12.1,0.0,6.2,0.0,253,0.0,319.0,0.0,39,38,73,34,,,
MB,406,15,45,13.2,1.3,69,4.0,12.6,1.0,309.0,5,15.8,1.3,9.0,1,277,3,312,3,38,44,73,38,,,
MB,58,45,15.0,12.6,1.0,58,5.0,12.5,1.0,296,3.0,15.5,1.0,8.6,1,267.0,4,315,0,38,44,73,38,,,
MB,522,50,10.0,11,0.8,60,5.0,11.2,1.1,290,6.0,13.8,0.6,7.4,0.7,269,4.0,316.0,5,38,44,73,38,,,
MB,58,54,6,10.5,0.2,51.0,6,10.4,0.2,284.0,7,13.3,0.3,6.6,0,257.0,7,314.0,0,38,44,73,38,,,
MB,87,59,1,5.6,1,53,5.0,5.8,0.9,283,5.0,7.3,1.3,3.4,0.4,259.0,4,316.0,2,38,44,73,38,,,
LT6,70,3,67,7.8,0.0,61.0,0.0,5.4,0.0,260.0,0.0,9.4,0.0,1.4,0.0,247,0.0,304.0,0.0,40,8,73,38,,,
LT6,70,62,8.0,4.9,0.0,98.0,0.0,4,0.0,258.0,0.0,6.2,0.0,1.1,0.0,270,0.0,309.0,0.0,40,8,73,38,,,
NJ2,111,3,35,11.5,0.0,69,0.0,10.1,0.0,305,0.0,13.6,0.0,7.2,0.0,271.0,0.0,308,0.0,39,10,73,41,,,
LT2,116 c,3,31,12.3,0.8,72.0,3,11.3,1,308.0,3.0,14.7,0.9,7.8,1.2,276,1.0,311.0,1,39,24,73,43,,,
LT2,232,15,19.0,17.4,1.1,73,6.0,15.5,1.0,312,6.0,20.3,0.7,11.3,1.5,278.0,7.0,309,6.0,39,24,73,43,,,
LT2,332,23,9.0,10.7,0.0,59.0,0.0,10.6,0.0,288.0,0.0,13.7,0.0,6.2,0.0,263,0.0,316.0,0.0,39,24,73,43,,,
P11,85,28,5,7.8,0.0,57.0,0.0,7.1,0.0,283.0,0.0,9.8,0.0,4.0,0.0,257,0.0,311.0,0.0,39,17,73,55,,,
BARNEGAT,369,2,22,1.8,0.0,83.0,0.0,2.2,0.0,301.0,0.0,2.7,0.0,0.9,0.0,286,0.0,322.0,0.0,39,46,73,56,,,
MD,116,40,1,5.3,1,48.0,11,5.0,0.4,264.0,25,6.8,0.6,2.2,1.1,244.0,15,313.0,6,38,59,74,2,,,
L.EGG INLET,264,5,7,7.0,0.0,109,0.0,5.2,0.0,340,0.0,8.0,0.0,3.5,0.0,305.0,0.0,302,0.0,39,28,74,15,,,
L.EGG INLET,365,10,2.0,4.2,0.0,89.0,0.0,3.1,0.0,293.0,0.0,5.1,0.0,1.0,0.0,278,0.0,306.0,0.0,39,28,74,15,,,
NE END L.S.,369,2,24,9.8,0.0,111,0.0,4.3,0.0,334,0.0,10.3,0.0,2.8,0.0,296.0,0.0,289,0.0,38,58,74,30,,,
WINTER QU,369,2,22,2.4,0.0,80.0,0.0,2.4,0.0,355.0,0.0,2.5,0.0,2.3,0.0,210,0.0,218.0,0.0,37,55,74,56,,,
MAR,53,9,29,11.4,1.1,131,5.0,0.4,1.8,68,11.0,12.7,0.0,7.5,0.0,290,0.0,237.0,0.0,36,50,75,2,,,
MAR,52,21,17,18.1,1.6,123,7.0,10.9,1.2,10,6.0,18.8,0.0,9.7,0.0,313,0.0,288.0,0.0,36,50,75,2,,,
MAR,53,32,6.0,9.4,1.1,110,7.0,7.5,1.4,337,11.0,11.1,0.0,4.6,0.0,307,0.0,306.0,0.0,36,50,75,2,,,
DIAMOND*,738,2,51,1.3,0.2,53,3.0,1.7,0.1,333.0,40,1.8,0,1.1,0.4,338.0,62,6.0,38,35,5,75,20,,,
CHESAPEAKE,369,2,17,8,0.0,174,0.0,0.9,0.0,3.0,0.0,8,0.0,0.2,0.0,354,0.0,277.0,0.0,36,59,75,42,,,
S8,415,70,2470,7.1,2.2,101,26.0,5.9,2.1,325,16.0,8.6,2.5,3.5,1.9,298,21.0,307,1.0,42,0,63,30,,,
S8,415,1500,1040.0,0.8,0.6,185,103.0,0.7,0.7,218,67.0,1.1,0.9,0.1,0.4,268,16.0,20,96,42,0,63,30,,,
S8,96,2530,10.0,0.6,0.0,185.0,0.0,0.8,0.0,229.0,0.0,0.9,0.0,0.4,0.0,215,0.0,34.0,0.0,42,0,63,30,,,
SITE D*,104,14,2736,3.5,0.6,118.0,20,2.3,0.5,44.0,21,3.7,0.0,2.6,0.0,100.0,0.0,65,0.0,39,20,69,57,,,
SITE D*,87,104,2646.0,2.4,0.0,115,44.0,1.5,0.4,19,52.0,2.4,0.0,1.5,0.5,297,42,273,5,39,20,69,57,,,
SITE D*,153,1000,1750.0,1,0.1,90,21.0,0.4,0.1,345,63.0,1.1,0.1,0.3,0.0,273,15,278,18,39,20,69,57,,,
SITE D*,92,2061,689,1.1,0.2,132.0,11,0.4,0.2,85.0,22,1.2,0.3,0.3,0.2,131.0,17,75.0,2,39,20,69,57,,,
SITE D*,43,2572,178,1.1,0.2,351.0,20,0.6,0.2,268.0,46,1.1,0.0,0.6,0.0,348.0,0.0,84,0.0,39,20,69,57,,,
NES765,180,1995,655,0.6,0.2,49,19.0,0.4,0.2,240,24.0,0.7,0.0,0.1,0.0,232,0.0,304.0,0.0,39,17,70,50,,,
